{
  "AAPL": {
    "mae": 0.16663452316362004,
    "rmse": 0.2789551552666178,
    "test_samples": 181
  },
  "MSFT": {
    "mae": 0.24844540806374887,
    "rmse": 0.38356848246713343,
    "test_samples": 181
  },
  "GOOGL": {
    "mae": 0.3254258175504951,
    "rmse": 0.5574033116354341,
    "test_samples": 181
  },
  "NVDA": {
    "mae": 0.20094426804724774,
    "rmse": 0.30795383717547586,
    "test_samples": 181
  },
  "JPM": {
    "mae": 0.11309916845535105,
    "rmse": 0.1344575859901515,
    "test_samples": 181
  },
  "V": {
    "mae": 0.0937010292812458,
    "rmse": 0.13097518259168744,
    "test_samples": 181
  },
  "JNJ": {
    "mae": 0.4569220984169213,
    "rmse": 0.617519821904312,
    "test_samples": 181
  },
  "AMZN": {
    "mae": 0.15110959737718713,
    "rmse": 0.22623634575298218,
    "test_samples": 181
  },
  "WMT": {
    "mae": 0.1294989094111029,
    "rmse": 0.2095076881671124,
    "test_samples": 181
  },
  "TSLA": {
    "mae": 0.14406827363013033,
    "rmse": 0.2468946922279374,
    "test_samples": 181
  }
}