{
  "AAPL": {
    "accuracy": 0.5570469798657718,
    "precision": 0.5100671140939598,
    "recall": 0.562962962962963,
    "f1": 0.5352112676056338,
    "test_samples": 298
  },
  "MSFT": {
    "accuracy": 0.5570469798657718,
    "precision": 0.542016806722689,
    "recall": 0.8486842105263158,
    "f1": 0.6615384615384615,
    "test_samples": 298
  },
  "GOOGL": {
    "accuracy": 0.5234899328859061,
    "precision": 0.4947916666666667,
    "recall": 0.6785714285714286,
    "f1": 0.572289156626506,
    "test_samples": 298
  },
  "NVDA": {
    "accuracy": 0.47651006711409394,
    "precision": 0.44692737430167595,
    "recall": 0.583941605839416,
    "f1": 0.5063291139240507,
    "test_samples": 298
  },
  "JPM": {
    "accuracy": 0.5167785234899329,
    "precision": 0.4530386740331492,
    "recall": 0.6456692913385826,
    "f1": 0.5324675324675324,
    "test_samples": 298
  },
  "V": {
    "accuracy": 0.5671140939597316,
    "precision": 0.5591397849462365,
    "recall": 0.6887417218543046,
    "f1": 0.6172106824925816,
    "test_samples": 298
  },
  "JNJ": {
    "accuracy": 0.5,
    "precision": 0.5348837209302325,
    "recall": 0.43670886075949367,
    "f1": 0.4808362369337979,
    "test_samples": 298
  },
  "AMZN": {
    "accuracy": 0.48322147651006714,
    "precision": 0.5037593984962406,
    "recall": 0.432258064516129,
    "f1": 0.4652777777777778,
    "test_samples": 298
  },
  "WMT": {
    "accuracy": 0.5033557046979866,
    "precision": 0.4657534246575342,
    "recall": 0.23776223776223776,
    "f1": 0.3148148148148148,
    "test_samples": 298
  },
  "TSLA": {
    "accuracy": 0.5369127516778524,
    "precision": 0.5175879396984925,
    "recall": 0.7103448275862069,
    "f1": 0.5988372093023255,
    "test_samples": 298
  }
}